cqa,best_q_prec,best_q_fmeasure,best_q_rec
conference_end_date,0.0,0.0,0.0
paper_submitted_at_conference,0.0,0.0,0.0
reviewers_all,0.0,0.0,0.0
presenter_of_paper_presentation,0.0,0.0,0.0
person_name,0.0,0.0,0.0
workshop,1.0,1.0,1.0
person_last_name,0.0,0.0,0.0
conference_paper_date,0.0,0.0,0.0
topic,1.0,1.0,1.0
presenter,0.0,0.0,0.0
person,1.0,1.0,1.0
paper,1.0,0.7536231884057971,0.6046511627906976
paper_title,1.0,0.7536231884057971,0.6046511627906976
paper_presentation,0.976457399103139,0.9880884855360182,1.0
conference_start_date,0.0,0.0,0.0
accepted_paper,0.23307692307692307,0.27913403961308153,0.3478760045924225
conference_camera_date,0.0,0.0,0.0
rejected_paper,0.7669230769230769,0.7731678945327646,0.7795152462861611
author,0.75476901861641,0.860248853962017,1.0
review,0.0,0.0,0.0
is_author_of_paper,0.0,0.0,0.0
conference_name,0.0,0.0,0.0
presentation_in_conference,0.0,0.0,0.0
presentation_of_paper,0.0,0.0,0.0
conference,1.0,1.0,1.0
participant,0.5060905538956562,0.6720585991149092,1.0
person_first_name,0.0,0.0,0.0
all_reviewer_author_of_review,0.0,0.0,0.0
global mean,0.3299041775576859,0.3242837231989423,0.3334533420164278

