cqa,best_q_prec,best_q_fmeasure,best_q_rec
conference_end_date,0.0,0.0,0.0
trip_location,0.0,0.0,0.0
workshop_start_date,0.0,0.0,0.0
person_name,0.0,0.0,0.0
gala_dinner_start_date,0.0,0.0,0.0
trip_end_date,0.0,0.0,0.0
workshop,1.0,1.0,1.0
person_last_name,0.0,0.0,0.0
reception_location,0.0,0.0,0.0
conference_paper_date,0.0,0.0,0.0
workshop_submission_date,0.0,0.0,0.0
topic,1.0,1.0,1.0
conference_regis_date,0.0,0.0,0.0
conference_topic,0.0,0.0,0.0
workshop_end_date,0.0,0.0,0.0
gala_dinner_location,0.0,0.0,0.0
person,1.0,1.0,1.0
gala_dinner,0.0,0.0,0.0
trip,0.0,0.0,0.0
paper,0.0,0.0,0.0
gala_dinner_end_date,0.0,0.0,0.0
paper_title,0.0,0.0,0.0
workshop_camera_date,0.0,0.0,0.0
conference_start_date,0.0,0.0,0.0
conference_camera_date,0.0,0.0,0.0
workshop_notif_date,0.0,0.0,0.0
reception_end_date,0.0,0.0,0.0
author,0.75476901861641,0.860248853962017,1.0
topic_of_paper,0.0,0.0,0.0
university,0.0,0.0,0.0
is_author_of_paper,0.0,0.0,0.0
conference_name,0.0,0.0,0.0
trip_start_date,0.0,0.0,0.0
reception,1.0,1.0,1.0
conference,1.0,1.0,1.0
participant,0.5060905538956562,0.6720585991149092,1.0
company,0.0,0.0,0.0
reception_start_date,0.0,0.0,0.0
person_first_name,0.0,0.0,0.0
global mean,0.1605348608336427,0.16749506289940838,0.1794871794871795

