cqa,best_q_prec,best_q_fmeasure,best_q_rec
pc_chair,0.0,0.0,0.0
assigned_reviewer,1.0,1.0,1.0
reviewers_all,1.0,0.5723438334223171,0.40089753178758414
person_name,0.0,0.0,0.0
is_assigned_reviewer_of,1.0,1.0,1.0
topic,0.0,0.0,0.0
conference_site_url,0.0,0.0,0.0
external_reviewer,0.0,0.0,0.0
person,1.0,1.0,1.0
program_committee,1.0,1.0,1.0
paper_co_author,1.0,1.0,1.0
paper,0.0,0.0,0.0
abstract_of_paper,0.0,0.0,0.0
paper_abstract_title,0.0,0.0,0.0
paper_title,0.0,0.0,0.0
conference_start_date,0.0,0.0,0.0
accepted_paper,1.0,1.0,1.0
rejected_paper,1.0,1.0,1.0
author,1.0,0.6140535978054442,0.44305724725943973
assigned_reviewer_author_of_review,1.0,1.0,1.0
review,1.0,1.0,1.0
member_of_pc,1.0,1.0,1.0
paper_abstract,0.0,0.0,0.0
is_author_of_paper,0.0,0.0,0.0
conference_name,0.0,0.0,0.0
pc_member,1.0,1.0,1.0
paper_1st_author,0.0,0.0,0.0
conference,1.0,1.0,1.0
invite_reviewer,0.0,0.0,0.0
global mean,0.4827586206896552,0.45470335969750897,0.4428949923809319

