cqa,best_q_prec,best_q_fmeasure,best_q_rec
reviewers_all,1.0,0.5723438334223171,0.40089753178758414
person_name,0.0,0.0,0.0
conference_chair,1.0,1.0,1.0
topic,0.0,0.0,0.0
person,1.0,1.0,1.0
paper,0.5,0.6666666666666666,1.0
paper_title,0.0,0.0,0.0
conference_start_date,0.0,0.0,0.0
accepted_paper,1.0,1.0,1.0
rejected_paper,1.0,1.0,1.0
author,1.0,1.0,1.0
topic_of_paper,0.0,0.0,0.0
review,1.0,1.0,1.0
member_of_conference,1.0,1.0,1.0
is_author_of_paper,0.0,0.0,0.0
conference_name,0.0,0.0,0.0
conference,1.0,1.0,1.0
global mean,0.5588235294117647,0.5434712058875872,0.5529939724580932

