cqa,best_q_prec,best_q_fmeasure,best_q_rec
workshop_of_conference,0.0,0.0,0.0
pc_chair,1.0,1.0,1.0
tutorial,1.0,1.0,1.0
assigned_reviewer,0.40089753178758414,0.5723438334223171,1.0
tutorial_of_conference,0.0,0.0,0.0
reviewers_all,1.0,1.0,1.0
invited_talk_abstract,1.0,1.0,1.0
conference_proceedings,1.0,1.0,1.0
abstract_of_invited_talk,0.0,0.0,0.0
conference_site,1.0,1.0,1.0
person_name,0.0,0.0,0.0
workshop,1.0,1.0,1.0
is_assigned_reviewer_of,0.0,0.0,0.0
late_registered_participant,1.0,1.0,1.0
topic,1.0,1.0,1.0
conference_site_url,0.0,0.0,0.0
external_reviewer,0.0,0.0,0.0
publisher,1.0,1.0,1.0
person,1.0,1.0,1.0
paper,1.0,1.0,1.0
workshop_topic,0.0,0.0,0.0
paper_title,0.0,0.0,0.0
paper_presentation,0.0,0.0,0.0
accepted_paper,1.0,1.0,1.0
regular_paper,0.37453183520599254,0.5449591280653951,1.0
early_registration,0.0,0.0,0.0
workshop_chair,0.7377049180327869,0.8490566037735848,1.0
invited_speaker_of_talk,0.0,0.0,0.0
rejected_paper,1.0,1.0,1.0
early_registered_participant,1.0,1.0,1.0
author,1.0,1.0,1.0
assigned_reviewer_author_of_review,0.0,0.0,0.0
review,1.0,1.0,1.0
conference_proceedings_name,0.0,0.0,0.0
conference_location,0.0,0.0,0.0
is_author_of_paper,0.0,0.0,0.0
conference_name,0.0,0.0,0.0
pc_member,0.40089753178758414,0.5720384204909285,0.9981378026070763
track,1.0,1.0,1.0
review_of_paper,0.0,0.0,0.0
chair_of_workshop,0.0,0.0,0.0
presentation_in_conference,0.0,0.0,0.0
presentation_of_paper,0.0,0.0,0.0
oc_member,1.0,1.0,1.0
tutorial_topic,0.0,0.0,0.0
sc_member,1.0,1.0,1.0
oc_chair,1.0,1.0,1.0
conference,1.0,1.0,1.0
participant,0.0,0.0,0.0
proceedings_publisher,0.0,0.0,0.0
invite_reviewer,0.0,0.0,0.0
invited_speaker,1.0,1.0,1.0
all_reviewer_author_of_review,0.0,0.0,0.0
invited_talk,0.0,0.0,0.0
author_of_inv_talk_abstract,0.0,0.0,0.0
track_of_conference,0.0,0.0,0.0
global mean,0.4448934253002491,0.4560428211741469,0.4821096036179835

