cqa,best_q_prec,best_q_fmeasure,best_q_rec
reviewers_all,1.0,1.0,1.0
person_name,0.0,0.0,0.0
conference_chair,1.0,1.0,1.0
topic,0.0,0.0,0.0
person,1.0,1.0,1.0
paper,0.0,0.0,0.0
paper_title,0.0,0.0,0.0
conference_start_date,0.0,0.0,0.0
accepted_paper,1.0,1.0,1.0
rejected_paper,1.0,1.0,1.0
author,1.0,1.0,1.0
topic_of_paper,0.0,0.0,0.0
review,1.0,1.0,1.0
member_of_conference,1.0,1.0,1.0
is_author_of_paper,0.0,0.0,0.0
conference_name,0.0,0.0,0.0
conference,1.0,1.0,1.0
global mean,0.5294117647058824,0.5294117647058824,0.5294117647058824

