cqa,best_q_prec,best_q_fmeasure,best_q_rec
conference_end_date,0.0,0.0,0.0
pc_chair,1.0,1.0,1.0
tutorial,1.0,1.0,1.0
assigned_reviewer,0.0,0.0,0.0
person_name,1.0,1.0,1.0
conference_notif_date,0.0,0.0,0.0
workshop,1.0,1.0,1.0
person_last_name,1.0,1.0,1.0
is_assigned_reviewer_of,0.0,0.0,0.0
conference_paper_date,0.0,0.0,0.0
late_registered_participant,0.0,0.0,0.0
topic,1.0,1.0,1.0
person,1.0,1.0,1.0
paper,1.0,1.0,1.0
workshop_topic,1.0,1.0,1.0
paper_title,0.0,0.0,0.0
conference_start_date,0.0,0.0,0.0
regular_paper,1.0,1.0,1.0
conference_camera_date,0.0,0.0,0.0
early_registration,0.0,0.0,0.0
early_registered_participant,0.0,0.0,0.0
author,1.0,1.0,1.0
conference_location,0.0,0.0,0.0
is_author_of_paper,0.0,0.0,0.0
conference_name,0.0,0.0,0.0
pc_member,1.0,1.0,1.0
tutorial_topic,1.0,1.0,1.0
conference,1.0,1.0,1.0
participant,1.0,1.0,1.0
person_first_name,1.0,1.0,1.0
global mean,0.5333333333333333,0.5333333333333333,0.5333333333333333

