cqa,best_q_prec,best_q_fmeasure,best_q_rec
reviewers_all,0.0,0.0,0.0
person_name,0.0,0.0,0.0
conference_chair,1.0,1.0,1.0
topic,0.0,0.0,0.0
person,1.0,1.0,1.0
paper,0.5,0.6666666666666666,1.0
paper_title,0.0,0.0,0.0
conference_start_date,0.0,0.0,0.0
accepted_paper,0.20255813953488372,0.3368787468574744,1.0
rejected_paper,0.2974418604651163,0.4585051084423732,1.0
author,1.0,1.0,1.0
topic_of_paper,0.0,0.0,0.0
review,1.0,1.0,1.0
member_of_conference,0.0,0.0,0.0
is_author_of_paper,0.0,0.0,0.0
conference_name,0.0,0.0,0.0
conference,1.0,1.0,1.0
global mean,0.35294117647058826,0.38012061893920673,0.47058823529411764

