cqa,best_q_prec,best_q_fmeasure,best_q_rec
workshop_of_conference,0.0,0.0,0.0
pc_chair,0.0,0.0,0.0
tutorial,1.0,1.0,1.0
assigned_reviewer,0.0,0.0,0.0
tutorial_of_conference,0.0,0.0,0.0
reviewers_all,0.0,0.0,0.0
invited_talk_abstract,0.0,0.0,0.0
conference_proceedings,1.0,1.0,1.0
abstract_of_invited_talk,0.0,0.0,0.0
conference_site,0.0,0.0,0.0
person_name,0.0,0.0,0.0
workshop,1.0,1.0,1.0
is_assigned_reviewer_of,0.0,0.0,0.0
late_registered_participant,0.0,0.0,0.0
topic,0.0,0.0,0.0
conference_site_url,0.0,0.0,0.0
external_reviewer,0.0,0.0,0.0
publisher,0.0,0.0,0.0
person,1.0,1.0,1.0
paper,1.0,0.7536231884057971,0.6046511627906976
workshop_topic,0.0,0.0,0.0
paper_title,1.0,0.7536231884057971,0.6046511627906976
paper_presentation,0.0,0.0,0.0
accepted_paper,0.23307692307692307,0.27913403961308153,0.3478760045924225
regular_paper,1.0,1.0,1.0
early_registration,0.0,0.0,0.0
workshop_chair,0.010342450011491611,0.020473157415832572,1.0
invited_speaker_of_talk,0.0,0.0,0.0
rejected_paper,0.7669230769230769,0.7731678945327646,0.7795152462861611
early_registered_participant,0.49528843943920936,0.6624654165385797,1.0
author,0.75476901861641,0.860248853962017,1.0
assigned_reviewer_author_of_review,0.0,0.0,0.0
review,1.0,1.0,1.0
conference_proceedings_name,0.0,0.0,0.0
conference_location,0.0,0.0,0.0
is_author_of_paper,0.0,0.0,0.0
conference_name,0.0,0.0,0.0
pc_member,0.24683980694093313,0.39594470046082947,1.0
track,1.0,1.0,1.0
review_of_paper,0.0,0.0,0.0
chair_of_workshop,0.0,0.0,0.0
presentation_in_conference,0.0,0.0,0.0
presentation_of_paper,0.0,0.0,0.0
oc_member,0.06986899563318777,0.1306122448979592,1.0
tutorial_topic,0.0,0.0,0.0
sc_member,0.043668122270742356,0.08368200836820082,1.0
oc_chair,0.0011491611123879567,0.002295684113865932,1.0
conference,1.0,1.0,1.0
participant,0.5060905538956562,0.6720585991149092,1.0
proceedings_publisher,0.0,0.0,0.0
invite_reviewer,0.0,0.0,0.0
invited_speaker,1.0,1.0,1.0
all_reviewer_author_of_review,0.0,0.0,0.0
invited_talk,1.0,1.0,1.0
author_of_inv_talk_abstract,0.0,0.0,0.0
track_of_conference,0.0,0.0,0.0
global mean,0.2701431526414289,0.2747737317112434,0.3631552424367853

