cqa,best_q_prec,best_q_fmeasure,best_q_rec
conference_end_date,0.0,0.0,0.0
pc_chair,0.0,0.0,0.0
tutorial,1.0,1.0,1.0
assigned_reviewer,0.0,0.0,0.0
person_name,0.0,0.0,0.0
conference_notif_date,0.0,0.0,0.0
workshop,1.0,1.0,1.0
person_last_name,0.0,0.0,0.0
is_assigned_reviewer_of,0.0,0.0,0.0
conference_paper_date,0.0,0.0,0.0
late_registered_participant,0.0,0.0,0.0
topic,1.0,1.0,1.0
person,1.0,1.0,1.0
paper,0.0,0.0,0.0
workshop_topic,0.0,0.0,0.0
paper_title,0.0,0.0,0.0
conference_start_date,0.0,0.0,0.0
regular_paper,1.0,1.0,1.0
conference_camera_date,0.0,0.0,0.0
early_registration,0.0,0.0,0.0
early_registered_participant,0.49528843943920936,0.6624654165385797,1.0
author,0.75476901861641,0.860248853962017,1.0
conference_location,0.0,0.0,0.0
is_author_of_paper,0.0,0.0,0.0
conference_name,0.0,0.0,0.0
pc_member,0.24683980694093313,0.39594470046082947,1.0
tutorial_topic,0.0,0.0,0.0
conference,1.0,1.0,1.0
participant,0.5060905538956562,0.6720585991149092,1.0
person_first_name,1.0,1.0,1.0
global mean,0.3000995939630736,0.3196905856692112,0.36666666666666664

