<?xml version="1.0" encoding="UTF-8"?>
<!--
old schema: http://www.seals-project.eu/schemas/2010-08-15/ToolPackageDescriptor.xsd
new schema: http://www.seals-project.eu/resources/res/tools/bundle/v1
-->

<ns:package 	  
        xmlns:xsi="http://www.w3.org/2001/XMLSchema-instance" 
	xmlns:ns="http://www.seals-project.eu/resources/res/tools/bundle/v1"
	id="AgreementMakerLight" 
	version="3.0">
	<ns:description>AgreementMakerLight is an ontology matching tool derived from AgreementMaker and focused on automated use.</ns:description>
	<ns:endorsement>
		<ns:copyright>Copyright 2013-2016 LASIGE</ns:copyright>
		<ns:license>Licensed under the Apache License, Version 2.0</ns:license>
	</ns:endorsement>
	<ns:wrapper>
		<ns:management>
			<ns:deploy>
				<ns:executable xsi:type="ns:ShellScript">
					<ns:script>deploy.bat</ns:script>
					<ns:error-log>deploy-error.log</ns:error-log>
				</ns:executable>
			</ns:deploy>
			<ns:start>
				<ns:executable xsi:type="ns:ShellScript">
					<ns:script>start.bat</ns:script>
					<ns:error-log>start-error.log</ns:error-log>
				</ns:executable>
			</ns:start>
			<ns:stop>
				<ns:executable xsi:type="ns:ShellScript">
					<ns:script>stop.bat</ns:script>
					<ns:error-log>stop-error.log</ns:error-log>
				</ns:executable>
			</ns:stop>
			<ns:undeploy>
				<ns:executable xsi:type="ns:ShellScript">
					<ns:script>undeploy.bat</ns:script>
					<ns:error-log>undeploy-error.log</ns:error-log>
				</ns:executable>
			</ns:undeploy>
		</ns:management>
		<ns:bridge>
			<!-- references relative to bin folder -->
			<ns:class>aml.seals.MatcherBridge</ns:class>
			<ns:jar>AML-bridge.jar</ns:jar>
			<ns:dependencies>
				<ns:lib>lib/AML.jar</ns:lib>
				<ns:lib>lib/commons-lang-2.6.jar</ns:lib>
				<ns:lib>lib/dom4j.jar</ns:lib>
				<ns:lib>lib/elk.jar</ns:lib>
				<ns:lib>lib/jaws.jar</ns:lib>
				<ns:lib>lib/owlapi.jar</ns:lib>
				<ns:lib>lib/microsoft-translator.jar</ns:lib>
			</ns:dependencies>
		</ns:bridge>
	</ns:wrapper>
</ns:package>